City_ID,City,Lat,Lng,Max Temp,Humidity,Cloudiness,Wind Speed,Country,Current Description,Date
0,Aquiraz,-3.9014,-38.3911,82.49,66,89,10.13,BR,overcast clouds,2022-11-08 20:27:32
1,Yellowknife,62.456,-114.3525,10.92,85,100,3.44,CA,light snow,2022-11-08 20:27:32
2,Ushuaia,-54.8,-68.3,55.02,53,40,23.02,AR,scattered clouds,2022-11-08 20:24:11
3,Albany,42.6001,-73.9662,52.45,34,0,1.01,US,clear sky,2022-11-08 20:24:16
4,Champerico,14.3,-91.9167,84.74,70,99,3.51,GT,light rain,2022-11-08 20:27:33
5,Rikitea,-23.1203,-134.9692,75.09,90,77,15.9,PF,light rain,2022-11-08 20:27:34
6,Faanui,-16.4833,-151.75,78.39,70,93,9.95,PF,overcast clouds,2022-11-08 20:27:34
7,Verkhnyaya Toyma,62.2349,44.9985,33.4,99,100,3.2,RU,overcast clouds,2022-11-08 20:27:35
8,Mataura,-46.1927,168.8643,55.18,76,96,2.93,NZ,overcast clouds,2022-11-08 20:27:35
9,Port Alfred,-33.5906,26.891,65.17,91,56,7.67,ZA,broken clouds,2022-11-08 20:27:36
10,Lebu,-37.6167,-73.65,60.48,74,97,11.48,CL,overcast clouds,2022-11-08 20:27:36
11,Santa Maria Da Boa Vista,-8.8078,-39.8256,83.48,54,53,8.79,BR,broken clouds,2022-11-08 20:25:17
12,Punta Arenas,-53.15,-70.9167,55.51,47,40,21.85,CL,scattered clouds,2022-11-08 20:27:37
13,Jamestown,42.097,-79.2353,55.53,47,0,6.91,US,clear sky,2022-11-08 20:27:37
14,Georgetown,5.4112,100.3354,80.24,92,20,3.44,MY,few clouds,2022-11-08 20:26:36
15,Stornoway,58.2093,-6.3865,49.96,84,75,21.85,GB,broken clouds,2022-11-08 20:27:38
16,Ichinohe,40.2069,141.3017,44.94,78,92,4.81,JP,overcast clouds,2022-11-08 20:27:38
17,Cape Town,-33.9258,18.4232,62.28,68,20,4.61,ZA,few clouds,2022-11-08 20:27:39
18,Puerto Carreno,6.189,-67.4859,89.58,62,20,3.44,CO,few clouds,2022-11-08 20:27:40
19,Luderitz,-26.6481,15.1594,60.51,83,77,10.6,NA,broken clouds,2022-11-08 20:27:40
20,Acapulco,16.8634,-99.8901,85.82,74,0,8.05,MX,clear sky,2022-11-08 20:27:41
21,Dikson,73.5069,80.5464,5.34,96,100,5.26,RU,overcast clouds,2022-11-08 20:27:41
22,Kampil,27.6167,79.2833,71.01,67,92,5.57,IN,overcast clouds,2022-11-08 20:27:41
23,Khandyga,62.6667,135.6,-32.78,98,14,2.04,RU,few clouds,2022-11-08 20:27:42
24,Kaltasy,55.9693,54.8032,31.87,96,100,9.66,RU,overcast clouds,2022-11-08 20:27:42
25,Caravelas,-17.7125,-39.2481,73.67,70,100,7.16,BR,overcast clouds,2022-11-08 20:27:43
26,East London,-33.0153,27.9116,66.07,87,35,5.77,ZA,scattered clouds,2022-11-08 20:27:42
27,Talnakh,69.4865,88.3972,-15.34,98,41,3.56,RU,scattered clouds,2022-11-08 20:27:44
28,Jalu,29.0331,21.5482,68.2,56,33,3.6,LY,scattered clouds,2022-11-08 20:27:44
29,Polson,47.6936,-114.1632,22.77,75,92,4.25,US,overcast clouds,2022-11-08 20:27:45
30,Hobart,-42.8794,147.3294,58.05,85,0,8.05,AU,clear sky,2022-11-08 20:27:45
31,Pyapon,16.2833,95.6833,70.95,82,12,5.55,MM,few clouds,2022-11-08 20:27:45
32,Severo-Kurilsk,50.6789,156.125,34.84,66,100,10.42,RU,overcast clouds,2022-11-08 20:27:46
33,Saint George,37.1041,-113.5841,71.26,38,100,16.11,US,overcast clouds,2022-11-08 20:27:47
34,Chuy,-33.6971,-53.4616,64.96,63,0,11.68,UY,clear sky,2022-11-08 20:27:47
35,Khatanga,71.9667,102.5,-17.7,100,99,6.29,RU,overcast clouds,2022-11-08 20:24:16
36,Hilo,19.7297,-155.09,82.26,69,75,8.05,US,broken clouds,2022-11-08 20:27:48
37,Lapeer,43.0514,-83.3188,55.67,60,0,5.75,US,clear sky,2022-11-08 20:27:48
38,Saskylakh,71.9167,114.0833,-5.13,99,100,2.8,RU,overcast clouds,2022-11-08 20:27:49
39,Konstantinovka,49.6167,127.9833,33.33,56,100,10.13,RU,overcast clouds,2022-11-08 20:27:49
40,Adrar,20.5022,-10.0711,81.52,13,98,9.62,MR,overcast clouds,2022-11-08 20:27:50
41,Bethanien,-26.502,17.1583,69.67,34,54,11.41,NA,broken clouds,2022-11-08 20:27:50
42,Abha,18.2164,42.5053,64.22,88,0,9.22,SA,clear sky,2022-11-08 20:27:51
43,Mahebourg,-20.4081,57.7,74.25,78,40,8.05,MU,scattered clouds,2022-11-08 20:27:51
44,Vaini,-21.2,-175.2,78.96,69,40,10.36,TO,scattered clouds,2022-11-08 20:27:52
45,Salta,-24.7859,-65.4117,82.99,24,29,13.8,AR,smoke,2022-11-08 20:27:52
46,Pulaski,34.7668,-92.3001,78.15,60,20,1.99,US,few clouds,2022-11-08 20:27:53
47,Svetlogorsk,52.6333,29.7333,45.37,90,88,7.61,BY,overcast clouds,2022-11-08 20:27:53
48,Tuatapere,-46.1333,167.6833,57.56,72,100,3.53,NZ,overcast clouds,2022-11-08 20:27:54
49,Provideniya,64.3833,-173.3,29.01,94,100,13.65,RU,light snow,2022-11-08 20:28:54
50,Ilulissat,69.2167,-51.1,-11.4,80,7,6.67,GL,clear sky,2022-11-08 20:28:55
51,Yumen,40.2833,97.2,38.71,34,0,7.4,CN,clear sky,2022-11-08 20:28:55
52,Lewisville,33.0462,-96.9942,81.16,76,75,11.5,US,broken clouds,2022-11-08 20:23:57
53,Bluff,-46.6,168.3333,54.01,79,100,13.65,NZ,overcast clouds,2022-11-08 20:28:56
54,Chokurdakh,70.6333,147.9167,-4.09,99,99,8.68,RU,overcast clouds,2022-11-08 20:24:16
55,Kambam,5.2505,96.8629,78.12,82,100,3.11,ID,moderate rain,2022-11-08 20:28:57
56,Sokode,8.9833,1.1333,78.82,48,58,3.29,TG,broken clouds,2022-11-08 20:28:57
57,Panuco,22.05,-98.1667,84.38,51,17,4.38,MX,few clouds,2022-11-08 20:28:58
58,Fort Nelson,58.8053,-122.7002,-6.21,71,20,0.0,CA,few clouds,2022-11-08 20:28:58
59,Eyl,7.9803,49.8164,78.49,72,0,8.55,SO,clear sky,2022-11-08 20:28:59
60,Kantang,7.4054,99.5156,75.25,93,93,3.69,TH,overcast clouds,2022-11-08 20:28:59
61,Hermanus,-34.4187,19.2345,60.8,79,98,9.26,ZA,overcast clouds,2022-11-08 20:29:00
62,Hithadhoo,-0.6,73.0833,81.16,79,100,16.17,MV,overcast clouds,2022-11-08 20:29:00
63,Dondo,-19.6094,34.7431,75.67,87,91,6.26,MZ,overcast clouds,2022-11-08 20:29:01
64,Atuona,-9.8,-139.0333,76.71,70,98,13.09,PF,overcast clouds,2022-11-08 20:29:01
65,Harper,4.375,-7.7169,78.55,84,33,7.54,LR,scattered clouds,2022-11-08 20:29:02
66,Kapaa,22.0752,-159.319,80.92,82,20,20.71,US,heavy intensity rain,2022-11-08 20:29:02
67,Salalah,17.0151,54.0924,78.89,73,20,4.61,OM,few clouds,2022-11-08 20:29:03
68,Evensk,61.95,159.2333,21.56,89,100,3.89,RU,snow,2022-11-08 20:29:03
69,Lorengau,-2.0226,147.2712,81.21,78,99,5.12,PG,overcast clouds,2022-11-08 20:29:04
70,Manokwari,-0.8667,134.0833,78.22,81,98,3.6,ID,overcast clouds,2022-11-08 20:29:04
71,Nikki,9.9401,3.2108,78.33,36,70,3.31,BJ,broken clouds,2022-11-08 20:29:05
72,Lang Son,21.8333,106.7333,62.69,83,0,0.31,VN,clear sky,2022-11-08 20:29:06
73,Songjianghe,42.1859,127.479,31.03,75,7,6.2,CN,clear sky,2022-11-08 20:29:06
74,Kahului,20.8947,-156.47,84.22,65,20,18.41,US,few clouds,2022-11-08 20:29:07
75,Andenes,69.3143,16.1194,35.58,64,20,14.97,NO,few clouds,2022-11-08 20:29:07
76,New Norfolk,-42.7826,147.0587,57.7,63,85,1.63,AU,overcast clouds,2022-11-08 20:29:08
77,Qaanaaq,77.484,-69.3632,-9.45,75,26,7.09,GL,scattered clouds,2022-11-08 20:29:08
78,Mar Del Plata,-38.0023,-57.5575,77.83,55,0,17.27,AR,light rain,2022-11-08 20:29:09
79,Krasnorechenskiy,44.6265,135.3532,29.55,68,5,2.82,RU,clear sky,2022-11-08 20:29:09
80,San Juan,-31.5375,-68.5364,92.21,15,99,7.81,AR,overcast clouds,2022-11-08 20:26:18
81,Constantine,36.365,6.6147,63.81,42,0,1.14,DZ,clear sky,2022-11-08 20:29:10
82,Lagoa,39.05,-27.9833,65.37,79,68,19.24,PT,broken clouds,2022-11-08 20:29:11
83,Kodiak,57.79,-152.4072,42.31,100,100,17.27,US,mist,2022-11-08 20:29:11
84,Tiksi,71.6872,128.8694,-8.28,96,99,9.22,RU,overcast clouds,2022-11-08 20:29:12
85,Ostrovnoy,68.0531,39.5131,35.82,82,77,5.73,RU,broken clouds,2022-11-08 20:29:12
86,Kavieng,-2.5744,150.7967,83.07,72,81,6.73,PG,broken clouds,2022-11-08 20:29:13
87,Moyale,3.5167,39.0584,71.64,60,95,6.82,KE,overcast clouds,2022-11-08 20:29:13
88,Bethel,41.3712,-73.414,56.53,37,0,12.66,US,clear sky,2022-11-08 20:29:14
89,Bontang,0.1333,117.5,76.17,91,100,4.65,ID,overcast clouds,2022-11-08 20:29:14
90,Vostok,46.4856,135.8833,24.03,79,2,5.08,RU,clear sky,2022-11-08 20:29:15
91,Talaya,61.3833,152.75,-1.71,100,100,3.22,RU,overcast clouds,2022-11-08 20:29:16
92,Avarua,-21.2078,-159.775,77.05,61,20,14.97,CK,few clouds,2022-11-08 20:29:16
93,Butaritari,3.0707,172.7902,80.49,74,97,10.02,KI,overcast clouds,2022-11-08 20:29:17
94,Beira,-19.8436,34.8389,78.44,81,86,9.33,MZ,overcast clouds,2022-11-08 20:30:18
95,Umm Kaddadah,13.6017,26.6876,75.4,17,0,11.63,SD,clear sky,2022-11-08 20:30:18
96,Yeppoon,-23.1333,150.7333,64.18,71,32,14.52,AU,scattered clouds,2022-11-08 20:30:19
97,Hasaki,35.7333,140.8333,47.21,54,1,8.37,JP,clear sky,2022-11-08 20:30:20
98,Narsaq,60.9167,-46.05,26.82,70,16,8.72,GL,few clouds,2022-11-08 20:30:20
99,Ahipara,-35.1667,173.1667,66.43,72,23,6.13,NZ,few clouds,2022-11-08 20:30:21
100,Mayo,38.8876,-76.5119,62.55,43,0,9.22,US,clear sky,2022-11-08 20:30:21
101,Savinka,50.0785,47.0994,33.53,75,59,7.23,RU,broken clouds,2022-11-08 20:30:22
102,Kathmandu,27.7167,85.3167,57.42,88,75,2.3,NP,broken clouds,2022-11-08 20:27:37
103,Stykkisholmur,65.0757,-22.7297,39.63,83,100,13.56,IS,overcast clouds,2022-11-08 20:30:23
104,Banjar,-8.19,114.9675,76.95,87,93,3.4,ID,overcast clouds,2022-11-08 20:30:24
105,Tigil,57.8,158.6667,11.48,94,78,7.23,RU,broken clouds,2022-11-08 20:30:24
106,Fortuna,40.5982,-124.1573,48.65,92,100,1.01,US,overcast clouds,2022-11-08 20:30:25
107,Puerto Ayora,-0.7393,-90.3518,75.16,78,33,5.01,EC,scattered clouds,2022-11-08 20:30:25
108,Kruisfontein,-34.0033,24.7314,63.88,79,79,4.36,ZA,broken clouds,2022-11-08 20:30:26
109,Hami,42.8,93.45,45.1,31,53,5.1,CN,broken clouds,2022-11-08 20:30:26
110,Mabaruma,8.2,-59.7833,78.82,87,99,4.38,GY,overcast clouds,2022-11-08 20:30:27
111,Malakal,9.5334,31.6605,77.56,35,85,3.58,SS,overcast clouds,2022-11-08 20:30:28
112,Thompson,55.7435,-97.8558,6.96,78,100,10.36,CA,light snow,2022-11-08 20:26:35
113,Rio Grande,-32.035,-52.0986,71.71,70,2,13.35,BR,clear sky,2022-11-08 20:30:28
114,Lisala,2.15,21.5167,71.46,94,99,0.69,CD,overcast clouds,2022-11-08 20:30:29
115,Magadi,12.9667,77.2333,63.43,89,86,5.73,IN,overcast clouds,2022-11-08 20:30:29
116,San Jose,37.3394,-121.895,54.36,83,100,9.22,US,overcast clouds,2022-11-08 20:26:48
117,Camocim,-2.9022,-40.8411,80.46,70,100,17.18,BR,overcast clouds,2022-11-08 20:30:30
118,Marechal Candido Rondon,-24.5561,-54.0567,74.75,52,66,1.68,BR,broken clouds,2022-11-08 20:26:10
119,Cherskiy,68.75,161.3,-0.89,98,100,5.35,RU,overcast clouds,2022-11-08 20:30:31
120,Pangnirtung,66.1451,-65.7125,12.2,62,40,0.0,CA,scattered clouds,2022-11-08 20:30:31
121,Cap Malheureux,-19.9842,57.6142,74.46,70,75,5.01,MU,broken clouds,2022-11-08 20:30:32
122,Portland,45.5234,-122.6762,53.62,70,40,19.57,US,scattered clouds,2022-11-08 20:26:20
123,Birao,10.2849,22.7882,78.01,27,8,5.61,CF,clear sky,2022-11-08 20:30:33
124,Broken Hill,-31.95,141.4333,69.15,53,68,14.58,AU,broken clouds,2022-11-08 20:30:33
125,Sola,-13.8833,167.55,75.87,94,97,0.0,VU,overcast clouds,2022-11-08 20:30:34
126,Arraial Do Cabo,-22.9661,-42.0278,73.26,73,100,5.75,BR,moderate rain,2022-11-08 20:30:34
127,Teya,60.3778,92.6267,18.73,93,100,6.13,RU,overcast clouds,2022-11-08 20:30:35
128,Yabassi,4.457,9.9682,75.27,96,80,0.72,CM,broken clouds,2022-11-08 20:30:35
129,Mount Isa,-20.7333,139.5,69.57,60,7,0.0,AU,clear sky,2022-11-08 20:30:06
130,Hauterive,46.0901,3.4459,63.36,89,100,7.61,FR,overcast clouds,2022-11-08 20:30:36
131,Port Elizabeth,-33.918,25.5701,66.09,87,100,11.5,ZA,overcast clouds,2022-11-08 20:30:36
132,Martapura,-3.4167,114.85,73.69,95,99,1.21,ID,overcast clouds,2022-11-08 20:30:37
133,Te Anau,-45.4167,167.7167,59.4,67,100,3.31,NZ,overcast clouds,2022-11-08 20:30:37
134,Shanghai,31.2222,121.4581,63.93,81,0,5.99,CN,clear sky,2022-11-08 20:30:29
135,Lompoc,34.6391,-120.4579,55.53,92,100,8.05,US,overcast clouds,2022-11-08 20:30:38
136,Rocha,-34.4833,-54.3333,62.76,73,0,11.36,UY,clear sky,2022-11-08 20:30:39
137,Puerto Penasco,31.3167,-113.5333,72.91,72,2,20.0,MX,clear sky,2022-11-08 20:30:39
138,Barrow,71.2906,-156.7887,30.22,86,100,19.57,US,overcast clouds,2022-11-08 20:30:40
139,Were Ilu,10.6,39.4333,48.79,76,20,6.06,ET,few clouds,2022-11-08 20:30:40
140,Mogadishu,2.0371,45.3438,78.67,78,66,10.4,SO,broken clouds,2022-11-08 20:31:41
141,Cabo San Lucas,22.8909,-109.9124,85.6,57,0,10.36,MX,clear sky,2022-11-08 20:31:41
142,Touros,-5.1989,-35.4608,78.93,77,39,10.45,BR,scattered clouds,2022-11-08 20:31:42
143,Contamana,-7.3333,-75.0167,99.14,26,72,4.97,PE,broken clouds,2022-11-08 20:31:43
144,Tuktoyaktuk,69.4541,-133.0374,14.0,79,100,11.5,CA,overcast clouds,2022-11-08 20:31:43
145,Sao Filipe,14.8961,-24.4956,78.62,67,100,6.67,CV,overcast clouds,2022-11-08 20:31:44
146,Sattahip,12.6664,100.9007,79.99,78,76,5.75,TH,broken clouds,2022-11-08 20:31:44
147,Nanakuli,21.3906,-158.1547,84.15,70,100,17.92,US,overcast clouds,2022-11-08 20:31:45
148,Palmer,42.1584,-72.3287,53.85,27,0,7.0,US,clear sky,2022-11-08 20:31:45
149,Elizabeth City,36.2946,-76.2511,60.03,63,100,20.71,US,overcast clouds,2022-11-08 20:31:46
150,Pirapozinho,-22.2753,-51.5,83.68,28,0,3.44,BR,clear sky,2022-11-08 20:31:46
151,Rawson,-43.3002,-65.1023,76.57,34,81,4.88,AR,broken clouds,2022-11-08 20:31:47
152,Shingu,33.7333,135.9833,51.37,76,0,5.88,JP,clear sky,2022-11-08 20:31:47
153,Labuan,5.2767,115.2417,79.16,88,20,2.3,MY,few clouds,2022-11-08 20:31:48
154,Rio Gallegos,-51.6226,-69.2181,62.65,34,75,20.71,AR,broken clouds,2022-11-08 20:31:48
155,Sechura,-5.5569,-80.8222,73.36,63,41,14.65,PE,scattered clouds,2022-11-08 20:31:49
156,Saint-Denis,48.9167,2.3333,59.77,76,75,21.85,FR,broken clouds,2022-11-08 20:29:07
157,Labytnangi,66.6572,66.4183,18.63,96,100,4.76,RU,overcast clouds,2022-11-08 20:31:49
158,Cockburn Town,21.4612,-71.1419,81.59,73,0,13.78,TC,clear sky,2022-11-08 20:31:50
159,Teguldet,57.3064,88.1667,21.54,98,100,2.71,RU,overcast clouds,2022-11-08 20:31:50
160,Tamandare,-8.7597,-35.1047,77.67,79,12,6.91,BR,few clouds,2022-11-08 20:31:51
161,Necochea,-38.5473,-58.7368,80.67,24,97,14.43,AR,overcast clouds,2022-11-08 20:31:51
162,Tasiilaq,65.6145,-37.6368,30.36,95,100,6.35,GL,light snow,2022-11-08 20:31:52
163,Esperance,-33.8667,121.9,58.26,78,100,8.75,AU,overcast clouds,2022-11-08 20:27:02
164,Beloha,-25.1667,45.05,75.24,70,0,1.95,MG,clear sky,2022-11-08 20:31:53
165,Ozernovskiy,51.5,156.5167,35.02,63,100,14.81,RU,overcast clouds,2022-11-08 20:31:53
166,Charlestown,-32.95,151.6667,62.69,92,0,1.99,AU,clear sky,2022-11-08 20:27:14
167,Vao,-22.6667,167.4833,74.79,84,9,9.53,NC,clear sky,2022-11-08 20:31:54
168,Washougal,45.5826,-122.3534,53.49,70,0,23.0,US,clear sky,2022-11-08 20:31:54
169,Pisco,-13.7,-76.2167,67.01,77,0,10.36,PE,clear sky,2022-11-08 20:31:55
170,Jumla,29.2747,82.1838,40.69,75,13,4.68,NP,few clouds,2022-11-08 20:31:55
171,Castro,-24.7911,-50.0119,61.9,67,76,3.04,BR,broken clouds,2022-11-08 20:31:56
172,Praia Da Vitoria,38.7333,-27.0667,65.75,88,20,9.06,PT,few clouds,2022-11-08 20:31:56
173,Busselton,-33.65,115.3333,57.54,84,82,3.31,AU,broken clouds,2022-11-08 20:31:57
174,Jawar,23.0,76.5,73.22,39,82,6.71,IN,broken clouds,2022-11-08 20:31:57
175,Madridejos,39.4682,-3.532,57.72,78,100,7.05,ES,overcast clouds,2022-11-08 20:31:58
176,Naze,28.3667,129.4833,72.52,72,98,14.23,JP,overcast clouds,2022-11-08 20:31:58
177,Batticaloa,7.7102,81.6924,76.42,91,100,6.96,LK,very heavy rain,2022-11-08 20:31:59
178,Sistranda,63.7256,8.834,44.56,73,100,8.32,NO,light rain,2022-11-08 20:31:59
179,Saint Anthony,45.0205,-93.218,50.14,70,100,18.41,US,overcast clouds,2022-11-08 20:30:35
180,Waingapu,-9.6567,120.2641,78.91,82,100,8.95,ID,overcast clouds,2022-11-08 20:32:00
181,Bengkulu,-3.8004,102.2655,75.96,91,100,3.6,ID,overcast clouds,2022-11-08 20:32:00
182,Ribeira Grande,38.5167,-28.7,66.78,82,20,13.8,PT,few clouds,2022-11-08 20:32:01
183,Mildura,-34.2,142.15,67.06,75,20,15.73,AU,few clouds,2022-11-08 20:31:40
184,Dawlatabad,36.4141,64.9053,39.56,83,18,6.89,AF,few clouds,2022-11-08 20:32:02
185,Ponta Do Sol,32.6667,-17.1,70.72,81,98,8.14,PT,light rain,2022-11-08 20:32:02
186,Mbandaka,0.0487,18.2603,71.64,91,97,2.57,CD,overcast clouds,2022-11-08 20:32:03
187,Torbay,47.6666,-52.7314,44.28,65,75,33.38,CA,broken clouds,2022-11-08 20:32:03
188,Itoman,26.1247,127.6694,75.22,83,100,10.36,JP,overcast clouds,2022-11-08 20:33:04
189,Hastings,50.8552,0.5729,58.75,73,7,26.66,GB,clear sky,2022-11-08 20:33:05
190,Aksarka,66.5606,67.7975,17.56,96,100,5.21,RU,light snow,2022-11-08 20:33:05
191,Bedford,52.1346,-0.4663,53.91,83,52,18.79,GB,broken clouds,2022-11-08 20:30:30
192,Kabo,7.6994,18.629,77.32,65,82,4.36,CF,broken clouds,2022-11-08 20:33:06
193,Vestmannaeyjar,63.4427,-20.2734,43.25,71,100,7.54,IS,overcast clouds,2022-11-08 20:33:07
194,Hambantota,6.1241,81.1185,77.58,84,99,4.38,LK,moderate rain,2022-11-08 20:33:07
195,Moba,33.2288,105.0179,48.13,93,100,4.5,CN,overcast clouds,2022-11-08 20:33:08
196,Danjiangkou,32.5428,111.5086,58.95,77,61,3.53,CN,broken clouds,2022-11-08 20:33:08
197,Carnarvon,-24.8667,113.6333,65.68,68,0,10.38,AU,clear sky,2022-11-08 20:33:09
198,Aitape,-3.1374,142.3475,78.8,81,100,2.98,PG,overcast clouds,2022-11-08 20:33:09
199,Qui Nhon,13.7667,109.2333,72.32,91,70,7.47,VN,broken clouds,2022-11-08 20:31:51
200,Ancud,-41.8697,-73.8203,58.26,81,94,7.67,CL,overcast clouds,2022-11-08 20:33:11
201,Saint-Joseph,-21.3667,55.6167,76.48,81,55,7.36,RE,broken clouds,2022-11-08 20:33:11
202,Masaka,-0.3338,31.7341,61.14,90,21,2.89,UG,few clouds,2022-11-08 20:33:11
203,Kaz,52.9113,87.3105,27.63,98,99,1.77,RU,light snow,2022-11-08 20:33:12
204,Lusambo,-4.9667,23.45,70.45,98,99,1.99,CD,moderate rain,2022-11-08 20:33:13
205,Amahai,-3.3333,128.9167,78.6,84,100,3.42,ID,overcast clouds,2022-11-08 20:33:13
206,Peleduy,59.6289,112.7406,20.17,94,100,9.73,RU,light snow,2022-11-08 20:33:14
207,Tecoanapa,16.5167,-98.75,84.96,70,78,8.59,MX,broken clouds,2022-11-08 20:33:14
208,Toamasina,-18.1667,49.3833,69.8,94,40,2.3,MG,scattered clouds,2022-11-08 20:33:14
209,Mount Gambier,-37.8333,140.7667,65.17,66,23,8.57,AU,few clouds,2022-11-08 20:33:15
210,Vestmanna,62.1564,-7.1664,47.32,87,75,12.66,FO,broken clouds,2022-11-08 20:33:15
211,Upernavik,72.7868,-56.1549,4.41,63,23,6.91,GL,few clouds,2022-11-08 20:33:16
212,Hwange,-18.3693,26.5019,76.96,54,90,1.66,ZW,overcast clouds,2022-11-08 20:33:17
213,Xining,36.6167,101.7667,40.08,69,41,0.85,CN,scattered clouds,2022-11-08 20:33:18
214,Kurumkan,54.3,110.3,16.25,83,12,4.07,RU,few clouds,2022-11-08 20:33:18
215,Nortelandia,-14.4547,-56.8028,91.58,29,11,4.0,BR,few clouds,2022-11-08 20:33:19
216,Nhulunbuy,-12.2333,136.7667,77.61,88,67,0.0,AU,broken clouds,2022-11-08 20:33:19
217,Belyy Yar,53.6039,91.3903,26.49,96,40,4.47,RU,light shower snow,2022-11-08 20:33:20
218,Ovre Ardal,61.3167,7.8,40.08,99,100,4.38,NO,overcast clouds,2022-11-08 20:33:20
219,Xaxim,-26.9617,-52.5347,75.58,68,69,3.0,BR,broken clouds,2022-11-08 20:33:21
220,Fairbanks,64.8378,-147.7164,22.96,86,75,0.0,US,broken clouds,2022-11-08 20:30:03
221,Tema,5.667,-0.0166,81.21,76,89,8.93,GH,light rain,2022-11-08 20:33:21
222,Pontian Kecil,1.4801,103.3899,78.39,89,98,4.81,MY,overcast clouds,2022-11-08 20:33:22
223,Sivas,39.7916,37.0019,43.43,93,100,6.91,TR,light rain,2022-11-08 20:33:22
224,Celestun,20.8667,-90.4,82.67,58,20,16.96,MX,few clouds,2022-11-08 20:33:23
225,Kaitangata,-46.2817,169.8464,59.7,63,95,6.24,NZ,overcast clouds,2022-11-08 20:33:23
226,Avera,33.194,-82.5271,80.38,22,0,13.78,US,clear sky,2022-11-08 20:33:24
227,Sao Felix Do Xingu,-6.6447,-51.995,81.43,73,97,2.01,BR,moderate rain,2022-11-08 20:33:24
228,Clyde River,70.4692,-68.5914,8.83,85,100,14.97,CA,light snow,2022-11-08 20:33:25
229,Nabire,-3.3667,135.4833,74.98,91,100,4.36,ID,light rain,2022-11-08 20:33:25
230,Souillac,-20.5167,57.5167,73.78,78,40,8.05,MU,scattered clouds,2022-11-08 20:33:26
231,Laramie,41.3114,-105.5911,60.1,19,0,18.41,US,clear sky,2022-11-08 20:33:27
232,Saint-Philippe,-21.3585,55.7679,69.39,81,54,8.48,RE,broken clouds,2022-11-08 20:34:27
233,Sinjai,-5.1241,120.253,74.97,93,100,2.82,ID,overcast clouds,2022-11-08 20:34:28
234,Victor Harbor,-35.5667,138.6167,71.67,50,95,13.15,AU,overcast clouds,2022-11-08 20:34:28
235,Najran,17.4924,44.1277,70.45,28,0,2.59,SA,clear sky,2022-11-08 20:30:48
236,Port Augusta,-32.5,137.7667,76.66,31,100,10.58,AU,overcast clouds,2022-11-08 20:34:29
237,Saint-Pierre,-21.3393,55.4781,77.58,68,0,4.61,RE,clear sky,2022-11-08 20:34:29
238,Swidnica,50.8438,16.4886,50.58,87,42,10.58,PL,scattered clouds,2022-11-08 20:34:30
239,Samarai,-10.6167,150.6667,80.78,79,94,9.04,PG,overcast clouds,2022-11-08 20:34:30
240,Norman Wells,65.282,-126.8329,8.64,66,100,6.91,CA,overcast clouds,2022-11-08 20:30:09
241,Keokuk,40.3973,-91.3849,62.1,44,0,16.11,US,clear sky,2022-11-08 20:34:31
242,Fare,-16.7,-151.0167,77.7,72,85,8.21,PF,overcast clouds,2022-11-08 20:34:32
243,Katsuura,35.1333,140.3,57.34,65,47,9.84,JP,scattered clouds,2022-11-08 20:34:32
244,Batemans Bay,-35.7167,150.1833,61.11,70,1,2.55,AU,clear sky,2022-11-08 20:34:33
245,Asyut,27.181,31.1837,66.38,51,91,6.22,EG,overcast clouds,2022-11-08 20:34:33
246,Acari,-15.4311,-74.6158,76.71,51,0,7.96,PE,clear sky,2022-11-08 20:34:34
247,Lavrentiya,65.5833,-171.0,24.26,94,100,6.13,RU,overcast clouds,2022-11-08 20:34:34
248,Yulara,-25.2406,130.9889,72.72,50,6,4.83,AU,clear sky,2022-11-08 20:34:35
249,Bilibino,68.0546,166.4372,-8.77,90,43,3.49,RU,scattered clouds,2022-11-08 20:34:35
250,Goalpara,26.1667,90.6167,67.69,89,4,2.86,IN,clear sky,2022-11-08 20:34:36
251,Hobe Sound,27.0595,-80.1364,83.01,68,40,13.8,US,scattered clouds,2022-11-08 20:34:36
252,Plettenberg Bay,-34.0527,23.3716,59.45,80,97,5.53,ZA,overcast clouds,2022-11-08 20:34:37
253,Huarmey,-10.0681,-78.1522,68.45,75,17,10.56,PE,few clouds,2022-11-08 20:34:37
254,Kolokani,13.5728,-8.0339,76.46,16,74,7.43,ML,broken clouds,2022-11-08 20:34:38
255,Kayerkan,69.3497,87.7602,-15.21,99,32,3.98,RU,scattered clouds,2022-11-08 20:34:38
256,San Quintin,30.4833,-115.95,68.14,64,6,8.52,MX,clear sky,2022-11-08 20:34:39
257,Chegdomyn,51.1167,133.0167,22.17,86,93,4.21,RU,overcast clouds,2022-11-08 20:34:39
258,Minab,27.1467,57.0801,75.52,78,7,0.0,IR,clear sky,2022-11-08 20:34:40
259,Luganville,-15.5333,167.1667,82.04,78,10,1.25,VU,clear sky,2022-11-08 20:34:40
260,Maua,-23.6678,-46.4614,67.06,76,46,8.32,BR,scattered clouds,2022-11-08 20:34:41
261,Cayenne,4.9333,-52.3333,73.44,94,96,2.3,GF,overcast clouds,2022-11-08 20:34:41
262,Codrington,-38.2667,141.9667,64.31,78,80,9.46,AU,broken clouds,2022-11-08 20:34:42
263,Roma,43.2128,-75.4557,48.96,38,0,6.91,US,clear sky,2022-11-08 20:30:03
264,Grand-Lahou,5.1367,-5.0242,78.33,85,46,8.48,CI,light rain,2022-11-08 20:34:43
265,Kloulklubed,7.0419,134.2556,75.7,73,100,8.59,PW,overcast clouds,2022-11-08 20:34:43
266,Gotemba,35.3,138.9333,49.12,80,17,0.49,JP,few clouds,2022-11-08 20:34:44
267,Bayevo,53.2833,80.7667,27.43,96,99,3.11,RU,overcast clouds,2022-11-08 20:34:44
268,Chapais,49.7834,-74.8492,28.18,69,94,12.17,CA,overcast clouds,2022-11-08 20:34:45
269,Sieradz,51.5958,18.7302,50.5,88,75,9.71,PL,broken clouds,2022-11-08 20:34:45
270,Xichang,27.8964,102.2634,50.52,88,1,1.12,CN,clear sky,2022-11-08 20:34:46
271,Vanimo,-2.6741,141.3028,78.08,86,100,2.1,PG,overcast clouds,2022-11-08 20:34:46
272,Aklavik,68.2191,-135.0107,19.58,85,100,1.83,CA,overcast clouds,2022-11-08 20:34:47
273,Camacha,33.0833,-16.3333,67.42,78,40,4.61,PT,scattered clouds,2022-11-08 20:34:47
274,Walvis Bay,-22.9575,14.5053,60.1,82,6,8.93,NA,clear sky,2022-11-08 20:34:48
275,Pabbi,34.0106,71.7989,61.48,63,85,4.9,PK,overcast clouds,2022-11-08 20:34:49
276,Manta,-0.95,-80.7333,78.58,69,75,9.22,EC,broken clouds,2022-11-08 20:34:49
277,Byron Bay,-28.65,153.6167,56.95,61,42,10.51,AU,scattered clouds,2022-11-08 20:34:50
278,Colombo,6.9319,79.8478,76.95,90,100,4.21,LK,overcast clouds,2022-11-08 20:33:06
279,Akureyri,65.6835,-18.0878,40.93,75,100,9.22,IS,drizzle,2022-11-08 20:35:51
280,Dzilam Gonzalez,21.2833,-88.9333,82.67,53,5,9.19,MX,clear sky,2022-11-08 20:35:51
281,Coquimbo,-29.9533,-71.3436,60.53,77,100,10.36,CL,overcast clouds,2022-11-08 20:34:13
282,Meulaboh,4.1363,96.1285,74.48,91,100,5.23,ID,overcast clouds,2022-11-08 20:35:52
283,Faya,18.3851,42.4509,64.51,74,18,3.36,SA,few clouds,2022-11-08 20:35:52
284,Carlsbad,33.1581,-117.3506,64.18,91,100,25.99,US,overcast clouds,2022-11-08 20:31:01
285,Muleba,-1.8397,31.6544,66.65,78,74,4.16,TZ,light rain,2022-11-08 20:35:53
286,Varhaug,58.6147,5.6457,51.89,92,88,15.88,NO,overcast clouds,2022-11-08 20:35:53
287,Tshane,-24.0196,21.8684,73.2,42,96,7.99,BW,overcast clouds,2022-11-08 20:35:54
288,Port Keats,-14.25,129.55,82.9,74,16,8.59,AU,few clouds,2022-11-08 20:35:54
289,Roebourne,-20.7833,117.1333,68.05,55,0,11.72,AU,clear sky,2022-11-08 20:35:55
290,Kenai,60.5544,-151.2583,32.14,92,100,16.11,US,overcast clouds,2022-11-08 20:35:55
291,Dicabisagan,17.0818,122.4157,76.48,89,97,5.03,PH,overcast clouds,2022-11-08 20:35:56
292,Half Moon Bay,37.4636,-122.4286,54.9,85,0,13.8,US,clear sky,2022-11-08 20:35:57
293,Phalombe,-15.8064,35.6507,77.02,44,96,2.42,MW,overcast clouds,2022-11-08 20:35:57
294,Bredasdorp,-34.5322,20.0403,59.07,79,89,5.91,ZA,overcast clouds,2022-11-08 20:35:58
295,Makakilo City,21.3469,-158.0858,82.72,67,40,13.8,US,scattered clouds,2022-11-08 20:35:58
296,Nikolskoye,59.7035,30.7861,46.29,89,100,9.19,RU,overcast clouds,2022-11-08 20:35:59
297,Kutum,14.2,24.6667,68.88,23,4,9.86,SD,clear sky,2022-11-08 20:35:59
298,Havre-Saint-Pierre,50.2334,-63.5986,41.36,52,75,13.8,CA,broken clouds,2022-11-08 20:36:00
299,Bemidji,47.4736,-94.8803,40.05,81,100,12.66,US,overcast clouds,2022-11-08 20:36:00
300,Maloy,61.9353,5.1136,51.73,65,97,10.13,NO,overcast clouds,2022-11-08 20:36:01
301,Pecos,31.4229,-103.4932,80.69,50,0,16.11,US,clear sky,2022-11-08 20:36:02
302,Itaporanga,-7.3044,-38.1503,87.46,35,56,5.64,BR,broken clouds,2022-11-08 20:36:02
303,Northam,51.0333,-4.2167,53.62,91,97,19.69,GB,overcast clouds,2022-11-08 20:36:03
304,Klaksvik,62.2266,-6.589,49.12,89,100,11.68,FO,overcast clouds,2022-11-08 20:36:03
305,Neiafu,-18.65,-173.9833,81.28,78,40,10.36,TO,scattered clouds,2022-11-08 20:36:04
306,Sorland,67.667,12.6934,40.86,60,0,19.55,NO,clear sky,2022-11-08 20:36:04
307,Bambous Virieux,-20.3428,57.7575,74.21,78,40,8.05,MU,scattered clouds,2022-11-08 20:36:05
308,Namatanai,-3.6667,152.4333,81.28,78,100,4.05,PG,light rain,2022-11-08 20:36:05
309,Bonavista,48.6499,-53.1147,39.87,86,52,29.86,CA,light rain,2022-11-08 20:36:06
310,Rong Kwang,18.339,100.3174,66.27,87,52,1.77,TH,broken clouds,2022-11-08 20:36:06
311,Okato,-39.2,173.8833,62.91,100,32,1.83,NZ,scattered clouds,2022-11-08 20:36:07
312,Hanzhong,33.0728,107.0303,55.6,94,98,3.33,CN,overcast clouds,2022-11-08 20:36:07
313,Dalbandin,28.8947,64.4101,64.04,47,34,1.36,PK,scattered clouds,2022-11-08 20:36:08
314,Qasigiannguit,68.8193,-51.1922,-10.35,85,9,5.77,GL,clear sky,2022-11-08 20:36:08
315,Wagar,16.1525,36.2032,82.99,57,9,10.07,SD,clear sky,2022-11-08 20:36:09
316,Strai,58.2,7.9,53.64,94,75,5.75,NO,broken clouds,2022-11-08 20:36:09
317,Eldorado,-23.7869,-54.2836,74.32,62,53,4.74,BR,broken clouds,2022-11-08 20:36:10
318,Kropotkin,45.4375,40.5756,42.91,83,97,6.73,RU,overcast clouds,2022-11-08 20:36:10
319,Port-Gentil,-0.7193,8.7815,80.56,89,75,9.22,GA,thunderstorm,2022-11-08 20:36:11
320,Wanning,18.8003,110.3967,74.68,92,97,7.58,CN,overcast clouds,2022-11-08 20:36:11
321,Ust-Tsilma,65.441,52.1498,33.17,99,100,4.18,RU,overcast clouds,2022-11-08 20:36:12
322,Pimentel,-6.8367,-79.9342,71.89,64,0,11.5,PE,clear sky,2022-11-08 20:36:12
323,Gold Coast,-28.0,153.4333,66.99,72,40,8.05,AU,scattered clouds,2022-11-08 20:31:25
324,Zanesville,39.9404,-82.0132,61.72,40,0,9.22,US,clear sky,2022-11-08 20:35:52
325,Broome,42.2506,-75.833,50.14,35,0,13.8,US,clear sky,2022-11-08 20:37:14
326,Sayat,38.7839,63.8803,40.87,48,0,6.46,TM,clear sky,2022-11-08 20:37:14
327,Storforshei,66.4043,14.5233,31.78,63,0,12.66,NO,clear sky,2022-11-08 20:37:14
328,Plyussa,58.4308,29.3654,46.45,90,99,7.96,RU,overcast clouds,2022-11-08 20:37:15
329,Kaeo,-35.1,173.7833,67.32,89,27,5.55,NZ,scattered clouds,2022-11-08 20:37:16
330,Grand Gaube,-20.0064,57.6608,74.37,70,74,5.01,MU,broken clouds,2022-11-08 20:37:17
331,Parkes,-33.1333,148.1833,60.51,68,0,7.45,AU,clear sky,2022-11-08 20:37:17
332,Mumford,5.2618,-0.759,79.93,81,15,9.04,GH,few clouds,2022-11-08 20:37:18
333,Mehamn,71.0357,27.8492,33.71,100,75,2.3,NO,broken clouds,2022-11-08 20:37:18
334,Novaya Mayna,54.15,49.75,36.43,85,100,11.01,RU,overcast clouds,2022-11-08 20:37:19
335,Mersing,2.4312,103.8405,75.11,94,40,9.22,MY,scattered clouds,2022-11-08 20:37:20
336,Namibe,-15.1961,12.1522,66.9,81,1,10.31,AO,clear sky,2022-11-08 20:37:20
337,Shimoda,34.6667,138.95,59.95,70,17,8.86,JP,few clouds,2022-11-08 20:37:21
338,Isangel,-19.55,169.2667,73.51,88,86,3.44,VU,overcast clouds,2022-11-08 20:37:21
339,Hoquiam,46.9809,-123.8893,46.99,75,75,19.57,US,broken clouds,2022-11-08 20:37:22
340,Sorong,-0.8833,131.25,79.39,83,100,4.45,ID,overcast clouds,2022-11-08 20:37:23
341,Deqing,30.5448,119.9599,57.94,96,15,1.9,CN,few clouds,2022-11-08 20:37:23
342,Kulhudhuffushi,6.6221,73.07,80.98,76,20,7.85,MV,few clouds,2022-11-08 20:37:24
343,Kysyl-Syr,63.8986,122.7617,-17.66,98,86,3.6,RU,overcast clouds,2022-11-08 20:37:24
344,Dunnville,42.9001,-79.6163,48.16,67,1,5.99,CA,clear sky,2022-11-08 20:37:25
345,Nemuro,43.3236,145.575,45.43,67,14,12.21,JP,few clouds,2022-11-08 20:37:25
346,Tilichiki,60.4667,166.1,9.79,95,76,4.81,RU,broken clouds,2022-11-08 20:33:13
347,Angoche,-16.2325,39.9086,77.38,77,0,15.9,MZ,clear sky,2022-11-08 20:37:26
348,San Patricio,28.017,-97.5169,86.94,54,26,12.21,US,scattered clouds,2022-11-08 20:37:27
349,Moose Factory,51.2585,-80.6094,30.2,55,0,3.44,CA,clear sky,2022-11-08 20:37:27
350,Margate,51.3813,1.3862,57.9,84,11,7.0,GB,few clouds,2022-11-08 20:37:28
351,Havelock,34.8791,-76.9013,62.6,65,20,25.32,US,few clouds,2022-11-08 20:37:29
352,Nanortalik,60.1432,-45.2371,27.52,72,24,9.01,GL,few clouds,2022-11-08 20:37:29
353,Gunnedah,-30.9833,150.25,60.87,74,43,4.45,AU,scattered clouds,2022-11-08 20:37:30
354,Praia,14.9215,-23.5087,77.54,78,0,10.36,CV,clear sky,2022-11-08 20:37:30
355,Santa Maria,-29.6842,-53.8069,74.5,46,40,13.8,BR,scattered clouds,2022-11-08 20:34:37
356,Kieta,-6.2167,155.6333,81.27,80,67,3.27,PG,light rain,2022-11-08 20:37:31
357,Kosh-Agach,50.0,88.6667,23.81,84,85,1.41,RU,overcast clouds,2022-11-08 20:37:32
358,Alofi,-19.0595,-169.9187,78.69,73,40,16.11,NU,scattered clouds,2022-11-08 20:37:32
359,Vila Velha,-20.3297,-40.2925,76.95,76,75,11.5,BR,broken clouds,2022-11-08 20:33:49
360,Tsaratanana,-16.7833,47.65,75.51,55,1,3.49,MG,clear sky,2022-11-08 20:37:33
361,Nizhniy Tsasuchey,50.5167,115.1333,23.34,74,45,9.98,RU,scattered clouds,2022-11-08 20:37:34
362,Coxim,-18.5067,-54.76,91.04,26,1,3.53,BR,clear sky,2022-11-08 20:37:34
363,Persianovskiy,47.5137,40.1075,45.55,87,75,8.95,RU,broken clouds,2022-11-08 20:37:35
364,Ucluelet,48.9329,-125.5528,45.09,72,9,1.61,CA,clear sky,2022-11-08 20:37:35
365,Labuhan,-6.8844,112.2051,77.94,85,81,5.75,ID,broken clouds,2022-11-08 20:37:36
366,Krasnoturansk,54.3186,91.5639,26.73,70,92,1.05,RU,overcast clouds,2022-11-08 20:37:36
367,Deputatskiy,69.3,139.9,-7.02,96,100,4.65,RU,overcast clouds,2022-11-08 20:37:37
368,Jishou,28.3167,109.7167,61.21,69,39,1.05,CN,scattered clouds,2022-11-08 20:37:37
369,Limpapa,7.1197,121.9106,76.98,81,91,0.78,PH,overcast clouds,2022-11-08 20:38:38
370,Sitka,57.0531,-135.33,37.29,44,100,3.44,US,overcast clouds,2022-11-08 20:38:38
371,Sao Joao Da Barra,-21.6403,-41.0511,75.29,77,6,9.01,BR,clear sky,2022-11-08 20:38:39
372,Opuwo,-18.0607,13.84,67.59,36,0,9.13,NA,clear sky,2022-11-08 20:38:39
373,Vardo,70.3705,31.1107,39.18,75,75,10.36,NO,broken clouds,2022-11-08 20:38:40
374,Brae,60.3964,-1.353,51.1,89,100,17.49,GB,light rain,2022-11-08 20:38:41
375,Nara,34.6851,135.8049,51.69,75,0,1.45,JP,clear sky,2022-11-08 20:38:41
376,Kroya,-7.6331,109.2461,76.5,88,100,2.01,ID,overcast clouds,2022-11-08 20:38:42
377,Pau Brasil,-15.4642,-39.6511,73.87,68,97,6.08,BR,overcast clouds,2022-11-08 20:38:42
378,Nuevo Progreso,23.1667,-97.95,87.55,55,9,4.0,MX,clear sky,2022-11-08 20:38:43
379,Dzhebariki-Khaya,62.2167,135.8,-32.75,98,12,1.19,RU,few clouds,2022-11-08 20:38:43
380,Paamiut,61.994,-49.6678,14.49,57,20,8.93,GL,few clouds,2022-11-08 20:38:43
381,Coihaique,-45.5752,-72.0662,65.01,48,75,8.05,CL,broken clouds,2022-11-08 20:38:44
382,Mackay,-21.15,149.2,71.69,64,11,14.58,AU,few clouds,2022-11-08 20:37:18
383,Kungalv,57.871,11.9805,54.1,96,100,13.33,SE,overcast clouds,2022-11-08 20:38:45
384,Kondinskoye,59.6481,67.41,21.25,96,76,6.87,RU,broken clouds,2022-11-08 20:38:45
385,Dembi Dolo,8.5333,34.8,58.05,92,100,1.97,ET,overcast clouds,2022-11-08 20:38:46
386,San Antonio,29.4241,-98.4936,83.05,66,75,9.22,US,broken clouds,2022-11-08 20:36:28
387,Turayf,31.6725,38.6637,57.45,88,0,8.05,SA,clear sky,2022-11-08 20:38:46
388,Auki,-8.7676,160.7034,78.78,85,100,5.28,SB,overcast clouds,2022-11-08 20:38:47
389,Colonia,50.9333,6.95,61.97,67,0,11.5,DE,clear sky,2022-11-08 20:33:55
390,Rio Verde De Mato Grosso,-18.9181,-54.8442,89.49,22,12,7.99,BR,few clouds,2022-11-08 20:38:48
391,Dingle,10.9995,122.6711,75.0,94,81,6.71,PH,broken clouds,2022-11-08 20:38:48
392,Pacho,5.1328,-74.1598,71.17,95,97,1.16,CO,overcast clouds,2022-11-08 20:38:49
393,Oil City,41.4339,-79.7064,56.19,35,0,8.05,US,clear sky,2022-11-08 20:38:49
394,Amapa,1.0,-52.0,73.6,97,100,2.68,BR,overcast clouds,2022-11-08 20:38:49
395,Blagoveshchenka,52.8333,79.8667,29.16,96,100,3.69,RU,light snow,2022-11-08 20:38:50
396,Los Llanos De Aridane,28.6585,-17.9182,67.75,79,40,7.0,ES,scattered clouds,2022-11-08 20:38:51
397,Weinan,34.5036,109.5089,51.66,93,60,4.88,CN,broken clouds,2022-11-08 20:38:51
398,Veraval,20.9,70.3667,76.14,53,0,11.03,IN,clear sky,2022-11-08 20:38:52
399,Staraya Toropa,56.2801,31.6702,45.7,92,100,8.08,RU,overcast clouds,2022-11-08 20:38:52
400,Zhigansk,66.7697,123.3711,-14.73,96,99,8.88,RU,overcast clouds,2022-11-08 20:38:52
401,Santa Cruz,-17.8,-63.1667,95.05,28,20,11.5,BO,few clouds,2022-11-08 20:38:53
402,Santa Rosa,14.3122,121.1114,78.78,93,89,5.91,PH,overcast clouds,2022-11-08 20:38:54
403,Shaoguan,24.8,113.5833,64.47,95,52,0.31,CN,broken clouds,2022-11-08 20:36:45
404,Storsteinnes,69.2408,19.2344,31.37,89,12,6.6,NO,few clouds,2022-11-08 20:38:55
405,Ahuimanu,21.4447,-157.8378,83.91,68,100,13.8,US,light rain,2022-11-08 20:38:55
406,Dali,25.7,100.1833,47.28,86,1,3.11,CN,clear sky,2022-11-08 20:38:56
407,Burriana,39.889,-0.085,70.66,54,100,4.83,ES,overcast clouds,2022-11-08 20:38:56
408,Vinh,18.6667,105.6667,68.63,85,80,5.59,VN,broken clouds,2022-11-08 20:35:24
409,Omboue,-1.5746,9.2618,76.75,92,100,7.09,GA,light rain,2022-11-08 20:38:57
410,Halifax,44.6453,-63.5724,44.6,49,75,28.77,CA,broken clouds,2022-11-08 20:38:57
411,Khunti,23.0833,85.2833,64.51,67,0,1.95,IN,clear sky,2022-11-08 20:38:58
412,Upata,8.0086,-62.3989,81.19,90,89,3.02,VE,light rain,2022-11-08 20:38:58
413,Asau,46.4333,26.4,40.12,90,13,3.74,RO,few clouds,2022-11-08 20:38:59
414,Yuxia,34.0615,108.6291,52.41,90,68,1.12,CN,broken clouds,2022-11-08 20:39:00
415,Honningsvag,70.9821,25.9704,37.15,87,20,3.44,NO,few clouds,2022-11-08 20:39:00
416,Inhuma,-6.6683,-41.7078,79.47,64,98,2.86,BR,moderate rain,2022-11-08 20:40:01
417,Teluk Nibung,3.001,99.8164,75.0,94,99,0.76,ID,light rain,2022-11-08 20:40:01
418,Benito Juarez,19.385,-99.165,73.74,26,0,11.01,MX,clear sky,2022-11-08 20:37:30
419,Nanuque,-17.8392,-40.3539,74.37,57,91,12.68,BR,overcast clouds,2022-11-08 20:40:02
420,Katherine,-14.4667,132.2667,80.92,65,67,5.75,AU,broken clouds,2022-11-08 20:35:23
421,Verkhoyansk,67.5447,133.385,-8.45,97,100,3.42,RU,overcast clouds,2022-11-08 20:40:03
422,San Carlos De Bariloche,-41.1456,-71.3082,74.95,25,40,17.27,AR,scattered clouds,2022-11-08 20:40:04
423,Macenta,8.5435,-9.471,71.69,71,79,1.72,GN,broken clouds,2022-11-08 20:40:04
424,Lasa,46.6166,10.7002,45.48,83,62,2.37,IT,broken clouds,2022-11-08 20:40:05
425,Eatonton,33.3268,-83.3885,81.68,43,0,3.0,US,clear sky,2022-11-08 20:39:46
426,Zunyi,27.6867,106.9072,58.64,77,27,2.35,CN,scattered clouds,2022-11-08 20:40:06
427,Westport,41.1415,-73.3579,58.37,32,0,10.36,US,clear sky,2022-11-08 20:37:16
428,Talcahuano,-36.7167,-73.1167,60.48,77,40,19.57,CL,scattered clouds,2022-11-08 20:40:06
429,Lagos,6.5833,3.75,80.92,90,38,5.08,NG,light rain,2022-11-08 20:40:07
430,Kavaratti,10.5669,72.642,82.02,73,48,5.03,IN,scattered clouds,2022-11-08 20:40:08
431,Leningradskiy,69.3833,178.4167,17.38,87,100,26.24,RU,light snow,2022-11-08 20:40:08
432,Along,28.1667,94.7667,58.89,91,22,1.39,IN,few clouds,2022-11-08 20:40:09
433,Gainesville,29.6516,-82.3248,80.67,60,20,20.71,US,few clouds,2022-11-08 20:40:10
434,Saldanha,-33.0117,17.9442,60.85,79,81,8.77,ZA,broken clouds,2022-11-08 20:40:10
435,Concarneau,47.875,-3.9225,57.81,79,6,19.82,FR,clear sky,2022-11-08 20:40:11
436,Reni,45.4573,28.2932,46.72,82,17,5.93,UA,few clouds,2022-11-08 20:40:11
437,Cody,44.5263,-109.0565,17.91,79,100,10.36,US,overcast clouds,2022-11-08 20:40:12
438,Petropavlovsk-Kamchatskiy,53.0452,158.6483,25.39,68,40,4.47,RU,scattered clouds,2022-11-08 20:40:12
439,Puerto Del Rosario,28.5004,-13.8627,71.35,83,40,13.8,ES,scattered clouds,2022-11-08 20:40:13
440,Hamilton,39.1834,-84.5333,63.43,35,0,10.36,US,clear sky,2022-11-08 20:39:51
441,Santona,43.4439,-3.4576,70.11,73,90,3.42,ES,overcast clouds,2022-11-08 20:40:14
442,Thinadhoo,0.5333,72.9333,80.96,78,89,15.32,MV,overcast clouds,2022-11-08 20:40:14
443,Abeche,13.8292,20.8324,80.47,20,11,8.25,TD,few clouds,2022-11-08 20:40:15
444,Ngunguru,-35.6167,174.5,62.22,91,37,11.32,NZ,scattered clouds,2022-11-08 20:40:15
445,Pacifica,37.6138,-122.4869,55.02,80,100,13.8,US,overcast clouds,2022-11-08 20:40:16
446,Lufilufi,-13.8745,-171.5986,83.98,83,61,18.57,WS,moderate rain,2022-11-08 20:40:17
447,Diamantino,-14.4086,-56.4461,90.37,32,2,2.44,BR,clear sky,2022-11-08 20:40:17
448,Astana,51.1801,71.446,26.55,93,100,6.71,KZ,overcast clouds,2022-11-08 20:40:18
449,Bandarbeyla,9.4942,50.8122,79.03,80,19,6.85,SO,few clouds,2022-11-08 20:40:18
450,Ostersund,63.1792,14.6357,32.61,100,100,30.0,SE,light snow,2022-11-08 20:40:19
451,Giyani,-23.3025,30.7187,71.67,82,100,2.64,ZA,overcast clouds,2022-11-08 20:40:20
452,Gravdal,68.1214,13.5031,37.29,70,0,2.3,NO,clear sky,2022-11-08 20:40:20
453,Nouadhibou,20.931,-17.0347,69.78,83,70,9.22,MR,broken clouds,2022-11-08 20:40:21
454,Uni,57.7535,51.4923,33.04,98,100,12.15,RU,light snow,2022-11-08 20:40:21
455,Oltu,40.5498,42.0013,42.69,82,23,1.43,TR,few clouds,2022-11-08 20:40:22
456,Finschhafen,-6.6024,147.8681,80.42,81,100,2.89,PG,heavy intensity rain,2022-11-08 20:40:22
457,Kamaishi,39.2667,141.8833,47.37,67,7,5.68,JP,clear sky,2022-11-08 20:40:23
458,Colac,-38.3333,143.5833,68.83,83,13,3.02,AU,few clouds,2022-11-08 20:40:23
459,Ewa Beach,21.3156,-158.0072,84.15,66,40,13.8,US,scattered clouds,2022-11-08 20:40:24
460,Amot,59.5714,7.9877,44.76,99,100,1.21,NO,overcast clouds,2022-11-08 20:40:24
461,Morondava,-20.2833,44.2833,80.13,72,4,3.36,MG,clear sky,2022-11-08 20:40:25
462,Port Hardy,50.6996,-127.4199,37.58,48,0,9.22,CA,clear sky,2022-11-08 20:40:25
463,Shelburne,44.0787,-80.2041,47.19,50,7,6.26,CA,clear sky,2022-11-08 20:40:26
464,Uzhur,55.3036,89.8339,21.56,84,44,1.19,RU,scattered clouds,2022-11-08 20:41:26
465,Victoria,22.2855,114.1577,73.33,87,98,8.01,HK,overcast clouds,2022-11-08 20:37:21
466,Pajapan,18.25,-94.7,80.2,71,2,8.97,MX,clear sky,2022-11-08 20:41:27
467,Longyearbyen,78.2186,15.6401,22.84,80,75,8.05,SJ,broken clouds,2022-11-08 20:41:28
468,Sorgun,39.8101,35.186,46.72,81,99,7.92,TR,overcast clouds,2022-11-08 20:41:28
469,Armenis,45.2,22.3167,49.42,90,9,4.32,RO,clear sky,2022-11-08 20:41:29
470,Coracao De Jesus,-16.6853,-44.365,77.29,50,95,2.95,BR,overcast clouds,2022-11-08 20:41:29
471,Port Moresby,-9.4431,147.1797,77.63,84,100,5.44,PG,overcast clouds,2022-11-08 20:41:30
472,Prince Rupert,54.3161,-130.3201,29.89,36,0,9.22,CA,clear sky,2022-11-08 20:41:30
473,Maceio,-9.6658,-35.7353,80.04,78,20,13.8,BR,few clouds,2022-11-08 20:41:31
474,Santa Catarina De Tepehuanes,25.35,-105.7333,77.65,20,14,13.69,MX,few clouds,2022-11-08 20:41:31
475,Bridlington,54.0831,-0.1919,52.02,86,61,11.01,GB,broken clouds,2022-11-08 20:41:32
476,San Francisco,37.7749,-122.4194,54.95,81,100,14.0,US,overcast clouds,2022-11-08 20:40:57
477,Iqaluit,63.7506,-68.5145,17.33,78,100,5.75,CA,light snow,2022-11-08 20:41:33
478,Watsa,3.0372,29.5355,63.0,98,100,2.75,CD,overcast clouds,2022-11-08 20:41:33
479,Puerto Quijarro,-17.7833,-57.7667,98.08,17,6,1.1,BO,clear sky,2022-11-08 20:41:34
480,Nome,64.5011,-165.4064,35.67,81,100,18.41,US,light rain,2022-11-08 20:41:34
481,Furano,43.2818,142.4743,34.92,95,96,2.77,JP,overcast clouds,2022-11-08 20:41:35
482,San Cristobal,7.7669,-72.225,77.18,82,92,1.45,VE,light rain,2022-11-08 20:41:35
483,Preobrazheniye,42.9019,133.9064,44.69,85,79,9.31,RU,broken clouds,2022-11-08 20:41:36
484,Fairview,40.8126,-73.999,60.62,26,0,16.11,US,clear sky,2022-11-08 20:38:45
485,Biltine,14.5333,20.9167,80.1,19,2,8.9,TD,clear sky,2022-11-08 20:41:36
486,Araouane,18.9048,-3.5265,76.96,11,19,3.91,ML,few clouds,2022-11-08 20:41:37
487,Jining,35.405,116.5814,53.73,88,100,6.6,CN,overcast clouds,2022-11-08 20:41:38
488,Chara,56.9064,118.2631,7.68,77,52,3.11,RU,broken clouds,2022-11-08 20:41:38
489,Vila Franca Do Campo,37.7167,-25.4333,64.81,83,30,5.79,PT,scattered clouds,2022-11-08 20:41:39
490,Stuttgart,48.7823,9.177,54.64,85,0,1.14,DE,clear sky,2022-11-08 20:41:31
491,Mayya,61.7333,130.2811,-24.48,100,99,0.78,RU,overcast clouds,2022-11-08 20:41:39
492,Ovsyanka,55.9575,92.5519,18.57,96,32,0.85,RU,scattered clouds,2022-11-08 20:41:40
493,Hoi An,15.8794,108.335,76.96,87,72,5.95,VN,broken clouds,2022-11-08 20:41:40
494,Mandalgovi,45.7625,106.2708,34.65,34,100,4.61,MN,overcast clouds,2022-11-08 20:41:41
495,Freising,48.4035,11.7488,49.35,93,0,1.14,DE,clear sky,2022-11-08 20:41:41
496,Emmett,43.8735,-116.4993,53.1,54,60,3.0,US,broken clouds,2022-11-08 20:41:42
497,Manggar,-2.8833,108.2667,76.87,89,93,3.8,ID,overcast clouds,2022-11-08 20:41:42
498,Kampong Chhnang,12.1667,104.55,75.56,74,100,6.29,KH,overcast clouds,2022-11-08 20:41:43
499,Paramonga,-10.6667,-77.8333,67.14,76,18,9.89,PE,few clouds,2022-11-08 20:41:43
500,Maues,-3.3836,-57.7186,82.69,64,100,3.53,BR,overcast clouds,2022-11-08 20:41:44
501,Mahibadhoo,3.7833,72.9667,79.66,79,99,16.35,MV,overcast clouds,2022-11-08 20:41:44
502,Bathsheba,13.2167,-59.5167,84.81,74,40,20.71,BB,scattered clouds,2022-11-08 20:41:45
503,Burevestnik,56.144,43.7883,38.95,100,100,11.18,RU,light rain,2022-11-08 20:41:45
504,Olafsvik,64.8945,-23.7142,41.92,79,100,19.24,IS,overcast clouds,2022-11-08 20:41:46
505,Tomatlan,19.9333,-105.25,86.49,56,0,6.85,MX,clear sky,2022-11-08 20:41:46
506,Cuiaba,-15.5961,-56.0967,100.33,20,0,3.44,BR,clear sky,2022-11-08 20:37:52
507,Fethiye,36.6217,29.1164,57.07,56,5,5.53,TR,clear sky,2022-11-08 20:41:47
508,Mandera,3.9366,41.867,85.42,48,77,7.4,KE,broken clouds,2022-11-08 20:41:47
509,Akdepe,42.0551,59.3788,39.29,57,16,7.38,TM,few clouds,2022-11-08 20:41:48
510,Bartica,6.4,-58.6167,78.78,91,99,2.73,GY,overcast clouds,2022-11-08 20:41:49
511,Quatre Cocos,-20.2078,57.7625,74.08,72,49,9.53,MU,scattered clouds,2022-11-08 20:41:49
512,Kidal,18.4411,1.4078,75.34,11,0,10.83,ML,clear sky,2022-11-08 20:42:50
513,Bulolo,-7.2,146.65,73.08,93,100,1.12,PG,overcast clouds,2022-11-08 20:42:50
514,Yanam,16.7333,82.2167,72.43,81,53,4.59,IN,broken clouds,2022-11-08 20:42:51
515,Bose,45.4612,8.0137,49.28,79,94,1.95,IT,overcast clouds,2022-11-08 20:42:51
516,Chirongui,-12.9319,45.1483,78.73,80,8,11.34,YT,clear sky,2022-11-08 20:42:52
517,Manjeshwar,12.7194,74.8861,77.95,82,9,4.43,IN,clear sky,2022-11-08 20:42:52
518,Fontem,5.4685,9.8818,67.26,85,83,1.92,CM,light rain,2022-11-08 20:42:53
519,Invermere,50.5167,-116.0354,19.36,52,28,1.01,CA,scattered clouds,2022-11-08 20:42:53
520,Butembo,0.15,29.2833,56.39,97,100,3.15,CD,overcast clouds,2022-11-08 20:42:54
521,Nioro,13.35,-15.75,80.44,40,100,5.68,GM,overcast clouds,2022-11-08 20:42:54
522,Viedma,-40.8135,-62.9967,83.16,27,100,11.1,AR,overcast clouds,2022-11-08 20:40:28
523,Idukki,9.85,76.9667,67.06,96,100,3.78,IN,overcast clouds,2022-11-08 20:42:55
524,Svetlyy,54.675,20.1347,51.85,87,100,14.29,RU,overcast clouds,2022-11-08 20:42:55
525,Lakatoro,-16.0999,167.4164,82.31,75,12,4.88,VU,few clouds,2022-11-08 20:42:56
526,Ocean City,39.2776,-74.5746,60.82,34,35,10.0,US,scattered clouds,2022-11-08 20:42:56
527,Maniitsoq,65.4167,-52.9,16.14,52,4,6.89,GL,clear sky,2022-11-08 20:42:57
528,Mangrol,21.1167,70.1167,75.9,59,0,10.36,IN,clear sky,2022-11-08 20:42:57
529,Bardiyah,31.7561,25.0865,66.38,68,8,12.17,LY,clear sky,2022-11-08 20:42:58
530,Havoysund,70.9963,24.6622,37.63,87,58,9.06,NO,broken clouds,2022-11-08 20:42:58
531,Pendleton,45.6721,-118.7886,46.8,73,0,19.57,US,clear sky,2022-11-08 20:41:22
532,Mecca,21.4267,39.8261,76.69,63,1,4.41,SA,clear sky,2022-11-08 20:42:59
533,Pringsewu,-5.3582,104.9744,73.6,97,100,2.66,ID,overcast clouds,2022-11-08 20:43:00
534,Windhoek,-22.5594,17.0832,65.1,55,0,12.33,NA,clear sky,2022-11-08 20:41:47
535,Jiwani,25.05,61.7417,79.68,73,4,3.98,PK,clear sky,2022-11-08 20:43:00
536,Yining,29.0361,114.5636,57.99,82,0,1.14,CN,clear sky,2022-11-08 20:43:01
537,Srinivaspur,13.3333,78.2167,62.92,93,18,3.42,IN,few clouds,2022-11-08 20:43:01
538,Qaqortoq,60.7167,-46.0333,18.63,72,16,8.32,GL,few clouds,2022-11-08 20:43:02
539,Shuangyang,43.5242,125.6736,42.28,57,0,15.32,CN,clear sky,2022-11-08 20:43:02
540,Angoram,-4.0625,144.0661,74.73,95,100,1.99,PG,overcast clouds,2022-11-08 20:43:03
541,Airai,-8.9266,125.4092,60.51,78,72,1.72,TL,light rain,2022-11-08 20:43:03
542,Fomboni,-12.28,43.7425,78.46,81,3,15.05,KM,clear sky,2022-11-08 20:43:04
543,Bambanglipuro,-7.95,110.2833,75.85,87,99,2.08,ID,overcast clouds,2022-11-08 20:43:04
544,Okhotsk,59.3833,143.3,1.15,73,0,18.1,RU,clear sky,2022-11-08 20:43:05
545,Disna,55.568,28.1971,47.79,92,100,11.03,BY,overcast clouds,2022-11-08 20:43:05
546,Buraydah,26.326,43.975,70.25,33,4,8.95,SA,clear sky,2022-11-08 20:43:06
547,Korla,41.7597,86.1469,46.74,44,29,9.35,CN,scattered clouds,2022-11-08 20:43:07
548,Hovd,48.0056,91.6419,33.48,64,100,3.71,MN,overcast clouds,2022-11-08 20:43:07
549,The Valley,18.217,-63.0578,82.81,83,20,10.36,AI,few clouds,2022-11-08 20:43:08
550,Jawhar,2.7809,45.5005,76.6,83,92,6.11,SO,light rain,2022-11-08 20:43:08
551,Erenhot,43.6475,111.9767,39.54,35,83,7.29,CN,broken clouds,2022-11-08 20:43:09
552,Bubaque,11.2833,-15.8333,83.8,66,100,11.79,GW,overcast clouds,2022-11-08 20:43:09
553,Kununurra,-15.7667,128.7333,80.58,89,15,2.3,AU,few clouds,2022-11-08 20:43:10
554,Whitehorse,60.7161,-135.0538,14.09,66,100,12.66,CA,overcast clouds,2022-11-08 20:41:32
555,Ossora,59.2353,163.0719,17.06,72,98,11.7,RU,overcast clouds,2022-11-08 20:43:11
556,Vrangel,42.7297,133.0839,48.11,88,58,8.01,RU,broken clouds,2022-11-08 20:43:11
557,Mandan,46.8267,-100.8896,42.78,64,0,11.5,US,clear sky,2022-11-08 20:43:12
558,Aleksandrov Gay,50.147,48.5704,33.96,75,86,7.29,RU,overcast clouds,2022-11-08 20:43:12
559,Rosita,13.9268,-84.4032,90.7,43,32,4.43,NI,scattered clouds,2022-11-08 20:43:13
560,Vanavara,60.34,102.2797,12.81,95,100,6.85,RU,overcast clouds,2022-11-08 20:44:13
561,Bosaso,11.2842,49.1816,80.35,78,38,3.47,SO,scattered clouds,2022-11-08 20:44:14
562,Kijang,35.2442,129.2139,44.33,50,0,3.76,KR,clear sky,2022-11-08 20:44:15
563,Sambava,-14.2667,50.1667,70.41,89,59,7.27,MG,light rain,2022-11-08 20:44:15
564,Umarkot,25.3616,69.7362,73.71,40,0,6.42,PK,clear sky,2022-11-08 20:44:16
565,Grand Forks,47.9417,-97.4337,38.93,87,100,18.41,US,mist,2022-11-08 20:44:16
566,Uddevalla,58.3478,11.9424,53.08,96,100,3.0,SE,overcast clouds,2022-11-08 20:44:17
567,Morlaix,48.5833,-4.0,55.56,86,75,16.11,FR,broken clouds,2022-11-08 20:44:17
568,Ponta Delgada,37.7333,-25.6667,65.12,82,20,14.97,PT,few clouds,2022-11-08 20:44:18
569,Atasu,48.6814,71.6433,24.48,77,21,6.73,KZ,few clouds,2022-11-08 20:41:22
570,Cabedelo,-6.9811,-34.8339,81.27,75,97,8.61,BR,overcast clouds,2022-11-08 20:44:19
571,Ous,60.9058,61.5186,24.82,94,100,4.0,RU,overcast clouds,2022-11-08 20:44:19
572,Warrington,53.3925,-2.5802,51.31,89,40,8.05,GB,scattered clouds,2022-11-08 20:44:20
573,Syracuse,37.0881,15.2792,63.77,72,23,2.71,IT,few clouds,2022-11-08 20:44:20
574,Carrollton,32.9537,-96.8903,82.17,73,75,11.5,US,broken clouds,2022-11-08 20:41:10
575,Bathurst,-33.4166,149.5806,52.72,96,6,3.56,AU,clear sky,2022-11-08 20:42:25
576,Asfi,32.2994,-9.2372,64.8,79,11,3.18,MA,few clouds,2022-11-08 20:44:21
577,Temerloh,3.4483,102.4176,74.98,99,100,1.95,MY,overcast clouds,2022-11-08 20:44:22
578,Conceicao Do Araguaia,-8.2578,-49.2647,73.81,94,100,3.83,BR,overcast clouds,2022-11-08 20:44:22
579,Kamenka,51.3223,42.7678,33.53,78,100,8.61,RU,overcast clouds,2022-11-08 20:44:23
580,Sinnamary,5.3833,-52.95,78.13,85,85,4.47,GF,light rain,2022-11-08 20:44:24
581,Vikarabad,17.3333,77.9,63.16,62,37,5.17,IN,scattered clouds,2022-11-08 20:44:24
582,Kurilsk,45.2333,147.8833,43.27,69,98,11.65,RU,overcast clouds,2022-11-08 20:44:25
583,Riyadh,24.6877,46.7219,78.94,21,1,4.79,SA,clear sky,2022-11-08 20:44:25
584,Heidenau,50.9722,13.8674,54.75,89,0,10.36,DE,clear sky,2022-11-08 20:44:26
585,Tranas,58.0372,14.9782,50.4,87,100,10.02,SE,overcast clouds,2022-11-08 20:44:26
586,Miragoane,18.4423,-73.0876,82.24,67,19,8.19,HT,light rain,2022-11-08 20:44:27
587,Hermiston,45.8404,-119.2895,45.95,59,0,12.66,US,clear sky,2022-11-08 20:44:27
588,Atambua,-9.1061,124.8925,75.74,82,89,1.19,ID,overcast clouds,2022-11-08 20:44:28
589,Atar,20.5169,-13.0499,83.12,15,100,5.26,MR,overcast clouds,2022-11-08 20:44:28
590,Neuquen,-38.9516,-68.0591,87.69,19,0,3.44,AR,clear sky,2022-11-08 20:44:29
591,Muros,42.7762,-9.0603,60.1,85,100,18.19,ES,overcast clouds,2022-11-08 20:44:29
592,San Andres Del Rabanedo,42.6117,-5.6167,52.77,100,100,6.91,ES,overcast clouds,2022-11-08 20:44:30
593,Kushima,31.4583,131.2333,57.6,80,4,4.72,JP,clear sky,2022-11-08 20:44:30
594,Axim,4.8699,-2.2405,78.26,86,34,7.43,GH,moderate rain,2022-11-08 20:44:31
595,Cidreira,-30.1811,-50.2056,61.5,92,100,13.96,BR,moderate rain,2022-11-08 20:44:31
596,Khor,47.8861,134.9464,28.04,75,4,6.26,RU,clear sky,2022-11-08 20:44:32
597,Luwuk,-0.9516,122.7875,77.56,82,100,2.66,ID,overcast clouds,2022-11-08 20:44:32
598,Yertsevo,60.7966,40.086,35.69,98,100,6.64,RU,overcast clouds,2022-11-08 20:44:33
599,Petawawa,45.9001,-77.3328,41.79,47,0,9.22,CA,clear sky,2022-11-08 20:44:34
600,Plainview,40.7765,-73.4673,58.68,34,0,16.11,US,clear sky,2022-11-08 20:44:34
601,Matinha,-3.1006,-45.0336,75.04,92,100,4.74,BR,light rain,2022-11-08 20:44:35
602,Hirara,24.8,125.2833,77.49,78,3,19.48,JP,clear sky,2022-11-08 20:44:35
603,San Policarpo,12.1791,125.5072,80.94,84,71,7.7,PH,broken clouds,2022-11-08 20:44:36
604,Hofn,64.2539,-15.2082,42.94,79,100,17.16,IS,overcast clouds,2022-11-08 20:44:36
605,Liku,-0.7275,119.8922,74.25,91,100,2.59,ID,overcast clouds,2022-11-08 20:44:37
606,Dunedin,-45.8742,170.5036,60.35,64,100,2.15,NZ,moderate rain,2022-11-08 20:44:37
607,Shache,38.4167,77.2406,43.27,39,64,7.36,CN,broken clouds,2022-11-08 20:45:38
608,Geraldton,-28.7667,114.6,52.21,87,51,3.44,AU,broken clouds,2022-11-08 20:45:38
609,Akyab,20.15,92.9,72.81,84,36,7.96,MM,scattered clouds,2022-11-08 20:45:39
610,Port Lincoln,-34.7333,135.8667,70.43,56,100,17.27,AU,overcast clouds,2022-11-08 20:45:39
611,Khurba,50.4072,136.8819,27.61,77,24,12.41,RU,few clouds,2022-11-08 20:45:40
612,Vigrestad,58.5667,5.7,51.96,92,89,15.59,NO,overcast clouds,2022-11-08 20:45:41
613,Villazon,-22.0866,-65.5942,51.84,50,79,21.18,BO,broken clouds,2022-11-08 20:45:41
614,Tugulym,57.0591,64.6425,28.47,91,100,6.46,RU,overcast clouds,2022-11-08 20:45:42
615,Nadvoitsy,63.8667,34.3167,37.96,97,100,6.53,RU,overcast clouds,2022-11-08 20:45:42
616,Sibolga,1.7427,98.7792,74.64,95,100,2.48,ID,overcast clouds,2022-11-08 20:45:43
617,Port Hedland,-20.3167,118.5667,68.05,83,0,9.22,AU,clear sky,2022-11-08 20:45:43
618,Road Town,18.4167,-64.6167,82.49,89,75,11.5,VG,broken clouds,2022-11-08 20:45:44
619,Edson,53.5835,-116.4356,3.34,72,0,1.14,CA,clear sky,2022-11-08 20:45:44
620,Yuzhne,46.6221,31.1013,47.48,51,20,3.02,UA,few clouds,2022-11-08 20:45:45
621,Antipino,57.1068,65.7576,28.69,91,100,6.58,RU,overcast clouds,2022-11-08 20:45:45
622,Baglan,36.1307,68.7083,41.58,91,100,0.69,AF,overcast clouds,2022-11-08 20:45:46
623,Aksu,41.1231,80.2644,43.74,39,100,0.31,CN,overcast clouds,2022-11-08 20:45:46
624,Abu Dhabi,24.4667,54.3667,82.42,51,0,5.75,AE,clear sky,2022-11-08 20:42:06
625,Manyana,-23.4,21.7167,72.25,41,74,6.8,BW,broken clouds,2022-11-08 20:45:47
626,Seoul,37.5683,126.9778,45.84,97,40,3.44,KR,fog,2022-11-08 20:41:11
627,Morant Bay,17.8815,-76.4093,85.62,76,34,1.59,JM,scattered clouds,2022-11-08 20:45:48
628,North Vanlaiphai,23.1333,93.0667,48.24,90,54,2.75,IN,broken clouds,2022-11-08 20:45:48
629,Cardston,49.2,-113.3019,8.74,56,92,2.3,CA,overcast clouds,2022-11-08 20:45:09
630,Spassk-Ryazanskiy,54.4072,40.3806,39.67,88,100,11.43,RU,overcast clouds,2022-11-08 20:45:49
631,Ternate,0.8,127.4,81.72,73,100,0.83,ID,overcast clouds,2022-11-08 20:45:50
632,Basco,20.4487,121.9702,79.52,83,94,19.69,PH,overcast clouds,2022-11-08 20:45:50
633,Albury,-36.0833,146.9167,65.01,100,8,3.44,AU,clear sky,2022-11-08 20:45:51
634,College,64.8569,-147.8028,24.98,88,75,0.0,US,broken clouds,2022-11-08 20:45:35
635,Nejdek,50.3224,12.7294,52.29,86,0,4.61,CZ,clear sky,2022-11-08 20:45:52
636,Sakaiminato,35.55,133.2333,49.98,87,40,4.61,JP,scattered clouds,2022-11-08 20:45:52
637,Vadlapudi,14.3167,79.8,73.81,78,62,3.58,IN,broken clouds,2022-11-08 20:45:53
638,Carbondale,37.7273,-89.2168,67.05,38,100,0.0,US,overcast clouds,2022-11-08 20:45:53
639,Koutsouras,35.0339,25.9469,64.11,60,2,13.06,GR,clear sky,2022-11-08 20:45:54
640,Darnah,32.767,22.6367,66.94,76,11,12.21,LY,few clouds,2022-11-08 20:45:54
641,Harlingen,26.1906,-97.6961,87.06,83,68,12.3,US,broken clouds,2022-11-08 20:45:55
642,Moron,-34.6534,-58.6198,80.8,68,25,11.99,AR,scattered clouds,2022-11-08 20:45:55
643,Beringovskiy,63.05,179.3167,22.73,88,100,4.63,RU,overcast clouds,2022-11-08 20:45:56
644,Yuanping,38.7153,112.7575,48.9,47,100,1.32,CN,light rain,2022-11-08 20:45:56
645,Tocopilla,-22.092,-70.1979,67.33,57,21,3.83,CL,few clouds,2022-11-08 20:45:57
646,Dergachi,51.2328,48.7659,32.86,80,92,7.63,RU,overcast clouds,2022-11-08 20:45:58
647,Taksimo,56.3444,114.8794,11.91,83,95,4.72,RU,overcast clouds,2022-11-08 20:45:58
648,Verkhnyaya Inta,65.9811,60.3094,25.09,97,98,5.12,RU,light snow,2022-11-08 20:45:59
649,Gazojak,41.1875,61.4036,40.17,60,6,8.25,TM,clear sky,2022-11-08 20:46:59
650,Sept-Iles,50.2001,-66.3821,39.72,54,75,20.71,CA,broken clouds,2022-11-08 20:47:00
651,Portobelo,9.55,-79.65,80.04,82,99,3.89,PA,light rain,2022-11-08 20:47:00
652,Pennagaram,12.1333,77.9,67.53,94,100,4.09,IN,overcast clouds,2022-11-08 20:47:01
653,San Borja,-14.8167,-66.85,95.94,27,32,1.72,BO,scattered clouds,2022-11-08 20:47:01
654,Kalakamati,-20.5929,27.3121,73.76,57,69,1.9,BW,broken clouds,2022-11-08 20:47:02
655,Bronnoysund,65.4625,12.1997,41.0,56,0,16.11,NO,clear sky,2022-11-08 20:47:02
656,Graaff-Reinet,-32.2522,24.5308,62.92,74,62,5.68,ZA,broken clouds,2022-11-08 20:47:03
657,Herran,7.5061,-72.4833,66.4,96,100,2.35,CO,overcast clouds,2022-11-08 20:47:03
658,Clifton,40.8584,-74.1638,60.58,28,0,8.05,US,clear sky,2022-11-08 20:45:04
659,La Ronge,55.1001,-105.2842,10.65,85,100,11.5,CA,light snow,2022-11-08 20:47:05
660,Visconde Do Rio Branco,-21.0103,-42.8406,66.81,38,49,7.65,BR,heavy intensity rain,2022-11-08 20:47:05
661,La Romana,18.4273,-68.9728,84.56,89,75,5.75,DO,broken clouds,2022-11-08 20:47:06
662,Beyneu,45.3167,55.2,36.54,74,100,8.5,KZ,overcast clouds,2022-11-08 20:47:06
663,Sychevka,55.8252,34.2736,42.62,92,90,10.8,RU,overcast clouds,2022-11-08 20:47:07
664,Gizo,-8.103,156.8419,82.85,74,99,12.73,SB,light rain,2022-11-08 20:47:07
665,Alice Springs,-23.7,133.8833,74.75,50,40,6.91,AU,scattered clouds,2022-11-08 20:47:08
666,Nacozari,25.3366,-108.2574,85.1,51,45,9.73,MX,scattered clouds,2022-11-08 20:47:09
667,Sur,22.5667,59.5289,80.83,61,48,10.29,OM,scattered clouds,2022-11-08 20:47:09
668,Koscierzyna,54.1223,17.9812,49.71,84,100,11.3,PL,overcast clouds,2022-11-08 20:46:22
669,Falun,60.6036,15.626,45.01,97,100,2.51,SE,overcast clouds,2022-11-08 20:47:10
670,Bow Island,49.8668,-111.3684,3.38,78,100,9.22,CA,overcast clouds,2022-11-08 20:47:11
671,Suntar,62.1444,117.6319,6.66,98,100,1.74,RU,overcast clouds,2022-11-08 20:47:11
672,Marystown,47.1666,-55.1483,43.09,64,92,29.37,CA,overcast clouds,2022-11-08 20:43:11
673,Gat,31.61,34.7642,65.39,100,35,1.23,IL,scattered clouds,2022-11-08 20:47:12
674,Tazovskiy,67.4667,78.7,1.9,94,100,9.91,RU,overcast clouds,2022-11-08 20:47:13
675,Kharagauli,42.0214,43.1977,48.33,75,100,4.72,GE,overcast clouds,2022-11-08 20:47:13
676,Odweyne,9.4092,45.064,76.96,51,66,7.45,SO,broken clouds,2022-11-08 20:47:14
677,Devils Lake,48.1128,-98.8651,37.94,77,100,13.8,US,overcast clouds,2022-11-08 20:47:14
678,Xuddur,4.1213,43.8894,74.01,75,31,11.83,SO,scattered clouds,2022-11-08 20:47:15
679,Haines Junction,60.7522,-137.5108,12.15,62,83,1.14,CA,broken clouds,2022-11-08 20:47:15
680,Carauari,-4.8828,-66.8958,82.18,72,95,3.2,BR,overcast clouds,2022-11-08 20:47:16
681,Mao,39.8885,4.2658,66.76,82,40,5.75,ES,scattered clouds,2022-11-08 20:47:17
682,Benguela,-12.5763,13.4055,75.4,78,50,8.1,AO,scattered clouds,2022-11-08 20:47:17
683,Lajedo,-8.6636,-36.32,72.95,73,62,10.89,BR,broken clouds,2022-11-08 20:47:18
684,Cuencame,24.8711,-103.6964,82.38,21,0,5.95,MX,clear sky,2022-11-08 20:47:19
685,Termoli,41.9888,14.9895,58.78,76,16,4.81,IT,few clouds,2022-11-08 20:47:20
686,Rognan,67.0953,15.3878,35.89,80,3,9.66,NO,clear sky,2022-11-08 20:47:20
687,Timra,62.487,17.3257,36.68,93,100,2.3,SE,moderate rain,2022-11-08 20:47:21
688,Saint-Augustin,51.226,-58.6502,36.77,59,96,22.93,CA,overcast clouds,2022-11-08 20:43:11
689,Misratah,32.3754,15.0925,68.92,63,0,4.43,LY,clear sky,2022-11-08 20:47:22
690,Kirn,49.7833,7.45,58.62,93,100,8.72,DE,light rain,2022-11-08 20:47:22
691,Mugur-Aksy,50.35,90.5,22.93,86,100,4.29,RU,overcast clouds,2022-11-08 20:47:23
692,Cabra,37.4725,-4.4421,59.02,64,100,2.84,ES,overcast clouds,2022-11-08 20:47:23
693,Sobolevo,54.4299,31.8996,45.46,94,100,10.65,RU,overcast clouds,2022-11-08 20:47:24
694,Husavik,66.0449,-17.3389,40.26,95,100,19.55,IS,overcast clouds,2022-11-08 20:47:24
695,Ust-Koksa,50.2696,85.6108,30.07,97,100,1.81,RU,light snow,2022-11-08 20:48:25
696,Tallahassee,30.4383,-84.2807,85.08,45,40,14.97,US,scattered clouds,2022-11-08 20:43:31
697,Dalby,-27.1833,151.2667,66.97,71,0,13.11,AU,clear sky,2022-11-08 20:48:25
698,Mazatlan,23.2167,-106.4167,81.91,69,2,7.0,MX,clear sky,2022-11-08 20:48:26
699,Komsomolskiy,40.4272,71.7189,41.72,75,75,4.61,UZ,broken clouds,2022-11-08 20:48:26
700,Doume,4.2333,13.45,72.52,73,75,1.28,CM,broken clouds,2022-11-08 20:48:27
701,Mafinga,-7.25,35.0667,76.39,47,57,5.82,TZ,broken clouds,2022-11-08 20:48:27
702,Chumikan,54.7183,135.315,22.5,88,100,8.08,RU,overcast clouds,2022-11-08 20:48:28
703,Krasnoselkup,65.7,82.4667,21.04,96,100,8.14,RU,light snow,2022-11-08 20:48:28
704,Greenwood,34.1668,-82.1165,75.36,27,0,10.36,US,clear sky,2022-11-08 20:48:29
